GM58,N_A00
L1,N_A01
L4,N_A04
L5,N_A05
L6,N_A06
L7,N_A07
L8,N_A08
L9,N_A09
L10,N_A10
GM60,H_A00
L96,H_A01
L97,H_A02
L98,H_A03
L99,H_A04
L100,H_A05
L101,H_A06
L102,H_A07
L103,H_A08
L104,H_A09
L105,H_A10
L106,H_A11
L107,H_A12
GM50,F_A00
L191,F_A01
L192,F_A02
L193,F_A03
L194,F_A04
L195,F_A05
L196,F_A06
L197,F_A07
L198,F_A08
L199,F_A09
L200,F_A10
L201,F_A11
L202,F_A12
L203,F_A13
L204,F_A14
GM70,N_B01
L13,N_B02
L14,N_B03
L21,N_B09
L22,N_B10
L23,N_B11
L24,N_B12
GM43,H_B00
L108,H_B01
L109,H_B02
L110,H_B03
L111,H_B04
L112,H_B05
L113,H_B06
L114,H_B07
L115,H_B08
L116,H_B09
L117,H_B10
L118,H_B11
L119,H_B12
GM52,F_B00
L205,F_B01
L206,F_B02
L207,F_B03
L208,F_B04
L209,F_B05
L210,F_B06
L211,F_B07
L212,F_B08
L213,F_B09
L214,F_B10
L215,F_B11
L216,F_B12
L217,F_B13
L218,F_B14
GM44,H_C00
GM45,H_D00
GM46,H_E00
GM47,H_F00
GM48,H_G00
GM49,H_H00
GM53,F_C00
GM54,F_D00
GM55,F_E00
GM56,F_F00
GM57,F_G00
GM59,N_D00
GM61,N_G00
GM71,N_C00
GM72,N_E00
L002,N_A02
L003,N_A03
L011,N_A11
L012,N_A12
L015,N_B03
L016,N_B04
L017,N_B05
L018,N_B06
L019,N_B07
L020,N_B08
L025,N_C01
L026,N_C02
L027,N_C03
L028,N_C04
L029,N_C05
L030,N_C06
L031,N_C07
L032,N_C08
L033,N_C09
L034,N_C10
L035,N_C11
L036,N_C12
L037,N_D01
L038,N_D02
L039,N_D03
L040,N_D04
L041,N_D05
L042,N_D06
L043,N_D07
L044,N_D08
L045,N_D09
L046,N_D10
L047,N_D11
L048,N_D12
L049,N_E01
L050,N_E02
L051,N_E03
L052,N_E04
L053,N_E05
L054,N_E06
L055,N_E07
L056,N_E08
L057,N_E09
L058,N_E10
L059,N_E11
L060,N_E12
L061,N_F01
L062,N_F02
L063,N_F03
L064,N_F04
L065,N_F05
L066,N_F06
L067,N_F07
L068,N_F08
L069,N_F09
L070,N_F10
L071,N_F11
L072,N_F12
L073,N_G01
L076,N_G02
L077,N_G03
L078,N_G04
L079,N_G05
L080,N_G06
L081,N_G07
L082,N_G08
L083,N_G09
L084,N_G10
L085,N_H01
L087,N_H02
L088,N_H03
L089,N_H04
L090,N_H05
L091,N_H06
L092,N_H07
L093,N_H08
L094,N_H09
L095,N_H10
L120,H_C01
L121,H_C02
L122,H_C03
L123,H_C04
L124,H_C05
L125,H_C06
L126,H_C07
L127,H_C08
L128,H_C09
L129,H_C10
L130,H_C11
L131,H_C12
L132,H_D01
L134,H_D02
L136,H_D03
L137,H_D04
L138,H_D05
L139,H_D06
L140,H_D07
L141,H_D08
L142,H_D09
L143,H_D10
L144,H_E01
L145,H_E02
L146,H_E03
L147,H_E04
L148,H_E05
L149,H_E06
L150,H_E07
L151,H_E08
L152,H_E09
L153,H_E10
L154,H_E11
L155,H_E12
L156,H_F01
L157,H_F02
L158,H_F03
L159,H_F04
L160,H_F05
L161,H_F06
L162,H_F07
L163,H_F08
L164,H_F09
L165,H_F10
L166,H_F11
L167,H_F12
L168,H_G01
L169,H_G02
L170,H_G03
L171,H_G04
L172,H_G05
L173,H_G06
L174,H_G07
L175,H_G08
L176,H_G09
L177,H_G10
L178,H_G11
L179,H_G12
L180,H_H01
L181,H_H02
L182,H_H03
L183,H_H04
L184,H_H05
L185,H_H06
L186,H_H07
L187,H_H08
L188,H_H09
L189,H_H10
L190,H_H11
L219,F_C01
L220,F_C02
L221,F_C03
L222,F_C04
L223,F_C05
L224,F_C06
L225,F_C07
L226,F_C08
L227,F_C09
L228,F_C10
L229,F_C11
L230,F_C12
L231,F_C13
L232,F_C14
L233,F_D01
L234,F_D02
L235,F_D03
L236,F_D04
L237,F_D05
L238,F_D06
L239,F_D07
L240,F_D08
L241,F_D09
L242,F_D10
L243,F_D11
L244,F_D12
L245,F_D13
L246,F_D14
L247,F_D15
L248,F_D16
L249,F_D17
L250,F_E01
L251,F_E02
L252,F_E03
L253,F_E04
L254,F_E05
L255,F_E06
L256,F_E07
L257,F_E08
L258,F_E09
L259,F_E10
L260,F_F01
L261,F_F02
L262,F_F03
L263,F_F04
L264,F_F05
L265,F_F06
L266,F_F07
L267,F_F08
L268,F_F09
L269,F_F10
L270,F_F11
L271,F_F12
L273,F_G01
L274,F_G02
L275,F_G03
L276,F_G04
L277,F_G05
L278,F_G06
L279,F_G07
L280,F_G08
L281,F_G09
L282,F_G10
L283,F_G11
L284,F_G12
L285,F_G13
L002,N_A02
L003,N_A03
L011,N_A11
L012,N_A12
L015,N_B03
L016,N_B04
L017,N_B05
L018,N_B06
L019,N_B07
L020,N_B08
L025,N_C01
L026,N_C02
L027,N_C03
L028,N_C04
L029,N_C05
L030,N_C06
L031,N_C07
L032,N_C08
L033,N_C09
L034,N_C10
L035,N_C11
L036,N_C12
L037,N_D01
L038,N_D02
L039,N_D03
L040,N_D04
L041,N_D05
L042,N_D06
L043,N_D07
L044,N_D08
L045,N_D09
L046,N_D10
L047,N_D11
L048,N_D12
L049,N_E01
L050,N_E02
L051,N_E03
L052,N_E04
L053,N_E05
L054,N_E06
L055,N_E07
L056,N_E08
L057,N_E09
L058,N_E10
L059,N_E11
L060,N_E12
L061,N_F01
L062,N_F02
L063,N_F03
L064,N_F04
L065,N_F05
L066,N_F06
L067,N_F07
L068,N_F08
L069,N_F09
L070,N_F10
L071,N_F11
L072,N_F12
L073,N_G01
L076,N_G02
L077,N_G03
L078,N_G04
L079,N_G05
L080,N_G06
L081,N_G07
L082,N_G08
L083,N_G09
L084,N_G10
L085,N_H01
L087,N_H02
L088,N_H03
L089,N_H04
L090,N_H05
L091,N_H06
L092,N_H07
L093,N_H08
L094,N_H09
L095,N_H10
L120,H_C01
L121,H_C02
L122,H_C03
L123,H_C04
L124,H_C05
L125,H_C06
L126,H_C07
L127,H_C08
L128,H_C09
L129,H_C10
L130,H_C11
L131,H_C12
L132,H_D01
L134,H_D02
L136,H_D03
L137,H_D04
L138,H_D05
L139,H_D06
L140,H_D07
L141,H_D08
L142,H_D09
L143,H_D10
L144,H_E01
L145,H_E02
L146,H_E03
L147,H_E04
L148,H_E05
L149,H_E06
L150,H_E07
L151,H_E08
L152,H_E09
L153,H_E10
L154,H_E11
L155,H_E12
L156,H_F01
L157,H_F02
L158,H_F03
L159,H_F04
L160,H_F05
L161,H_F06
L162,H_F07
L163,H_F08
L164,H_F09
L165,H_F10
L166,H_F11
L167,H_F12
L168,H_G01
L169,H_G02
L170,H_G03
L171,H_G04
L172,H_G05
L173,H_G06
L174,H_G07
L175,H_G08
L176,H_G09
L177,H_G10
L178,H_G11
L179,H_G12
L180,H_H01
L181,H_H02
L182,H_H03
L183,H_H04
L184,H_H05
L185,H_H06
L186,H_H07
L187,H_H08
L188,H_H09
L189,H_H10
L190,H_H11
L219,F_C01
L220,F_C02
L221,F_C03
L222,F_C04
L223,F_C05
L224,F_C06
L225,F_C07
L226,F_C08
L227,F_C09
L228,F_C10
L229,F_C11
L230,F_C12
L231,F_C13
L232,F_C14
L233,F_D01
L234,F_D02
L235,F_D03
L236,F_D04
L237,F_D05
L238,F_D06
L239,F_D07
L240,F_D08
L241,F_D09
L242,F_D10
L243,F_D11
L244,F_D12
L245,F_D13
L246,F_D14
L247,F_D15
L248,F_D16
L249,F_D17
L250,F_E01
L251,F_E02
L252,F_E03
L253,F_E04
L254,F_E05
L255,F_E06
L256,F_E07
L257,F_E08
L258,F_E09
L259,F_E10
L260,F_F01
L261,F_F02
L262,F_F03
L263,F_F04
L264,F_F05
L265,F_F06
L266,F_F07
L267,F_F08
L268,F_F09
L269,F_F10
L270,F_F11
L271,F_F12
L273,F_G01
L274,F_G02
L275,F_G03
L276,F_G04
L277,F_G05
L278,F_G06
L279,F_G07
L280,F_G08
L281,F_G09
L282,F_G10
L283,F_G11
L284,F_G12
L285,F_G13